"","egvalues","Sigma.1","Sigma.2","Sigma.3","Sigma.4","Sigma.5","Sigma.6","Sigma.7","Sigma.8"
"1",3.46188578661531,5.56123099182292,-0.856536400812007,0.166520471513734,-0.311141837581442,-0.149115689995327,0.393996709450718,-0.876560316341534,-0.0140174699576736
"2",6.11789258243516,-0.856536400812007,4.84625830392498,-0.0153192874270958,-0.266997446643878,-0.204847107764897,0.0389400338967182,-1.00243139697833,-0.218491184864664
"3",2.66290394845419,0.166520471513734,-0.0153192874270958,2.6744042842378,-0.0118923273065564,-0.00320364128006593,0.0247698703849831,-0.0253807799541934,0.00616604848310091
"4",8.11231262609363,-0.311141837581442,-0.266997446643878,-0.0118923273065564,8.06269442253218,-0.0424641569482168,-0.0098668944903104,-0.200596118538501,-0.0524077979777113
"5",6.26931245112792,-0.149115689995327,-0.204847107764897,-0.00320364128006593,-0.0424641569482168,6.23636004574806,0.00474248077755326,-0.160643449812798,-0.0357507379877522
"6",1.52288171718828,0.393996709450718,0.0389400338967182,0.0247698703849831,-0.0098668944903104,0.00474248077755326,1.57222697609349,0.00302733459988974,0.0249880318900263
"7",6.74291700357571,-0.876560316341534,-1.00243139697833,-0.0253807799541934,-0.200596118538501,-0.160643449812798,0.00302733459988974,5.96784742390689,-0.182254699462831
"8",4.96742065972649,-0.0140174699576736,-0.218491184864664,0.00616604848310091,-0.0524077979777113,-0.0357507379877522,0.0249880318900263,-0.182254699462831,4.93650432695036
